i,j,WBO
0,1,1.0
0,2,2.0
0,3,3.0
0,4,4.0
0,5,5.0
0,6,6.0
0,7,7.0
0,8,8.0
0,9,9.0
0,10,10.0
0,11,11.0
0,12,12.0
0,13,13.0
0,14,14.0
0,15,15.0
0,16,16.0
0,17,17.0
0,18,18.0
0,19,19.0
0,20,20.0
0,21,21.0
0,22,22.0
0,23,23.0
0,24,24.0
0,25,25.0
0,26,26.0
0,27,27.0
0,28,28.0
0,29,29.0
0,30,30.0
0,31,31.0
0,32,32.0
0,33,33.0
0,34,34.0
0,35,35.0
0,36,36.0
0,37,37.0
0,38,38.0
0,39,39.0
0,40,40.0
0,41,41.0
0,42,42.0
0,43,43.0
1,4,2.0
1,5,3.0
1,6,4.0
1,7,5.0
1,8,6.0
1,9,7.0
1,10,8.0
1,11,9.0
1,12,10.0
1,13,11.0
1,14,12.0
1,15,13.0
1,16,14.0
1,17,15.0
1,18,16.0
1,19,17.0
1,20,18.0
1,21,19.0
1,22,20.0
1,23,21.0
1,24,22.0
1,25,23.0
1,26,24.0
1,27,25.0
1,28,26.0
1,29,27.0
1,30,28.0
1,31,29.0
1,32,30.0
1,33,31.0
1,34,32.0
1,35,33.0
1,36,34.0
1,37,35.0
1,38,36.0
1,39,37.0
1,40,38.0
1,41,39.0
1,42,40.0
1,43,41.0
1,44,5.0
1,45,2.0
1,46,5.0
1,47,5.0
1,48,5.0
1,49,5.0
1,50,5.0
1,51,5.0
1,52,3.0
1,53,3.0
1,54,3.0
1,55,4.0
1,56,4.0
1,57,6.0
1,58,4.0
1,59,4.0
1,60,4.0
1,61,7.0
1,62,7.0
1,63,7.0
1,64,7.0
1,65,7.0
1,66,7.0
1,67,5.0
1,68,7.0
1,69,7.0
1,70,7.0
1,71,7.0
1,72,5.0
1,73,5.0
1,74,5.0
1,75,5.0
1,76,5.0
1,77,8.0
1,78,8.0
1,79,8.0
1,80,8.0
1,81,8.0
1,82,8.0
1,83,8.0
1,84,8.0
1,85,8.0
1,86,7.0
1,87,7.0
1,88,7.0
1,89,7.0
1,90,7.0
1,91,9.0
1,92,9.0
1,93,9.0
1,94,9.0
1,95,9.0
1,96,9.0
1,97,9.0
1,98,9.0
1,99,9.0
1,100,9.0
1,101,9.0
1,102,8.0
1,103,8.0
1,104,8.0
1,105,8.0
1,106,8.0
1,107,10.0
1,108,10.0
1,109,10.0
1,110,10.0
1,111,10.0
1,112,10.0
1,113,9.0
1,114,10.0
1,115,10.0
1,116,9.0
1,117,9.0
1,118,9.0
1,119,9.0
1,120,9.0
1,121,11.0
1,122,11.0
1,123,11.0
1,124,11.0
1,125,9.0
1,126,11.0
1,127,11.0
1,128,9.0
1,129,9.0
1,130,9.0
1,131,9.0
1,132,9.0
1,133,12.0
1,134,9.0
1,135,10.0
1,136,10.0
1,137,13.0
1,138,10.0
1,139,10.0
1,140,10.0
1,141,14.0
1,142,10.0
1,143,11.0
1,144,11.0
1,145,15.0
1,146,11.0
1,147,13.0
1,148,13.0
1,149,13.0
1,150,16.0
1,151,16.0
1,152,16.0
1,153,16.0
1,154,16.0
1,155,16.0
1,156,16.0
1,157,16.0
1,158,16.0
1,159,16.0
1,160,16.0
1,161,16.0
1,162,16.0
1,163,16.0
1,164,16.0
1,165,16.0
1,166,17.0
1,167,17.0
1,168,17.0
1,169,17.0
1,170,16.0
1,171,16.0
1,172,17.0
1,173,17.0
1,174,17.0
1,175,16.0
1,176,16.0
1,177,17.0
1,178,17.0
1,179,17.0
1,180,18.0
1,181,17.0
1,182,17.0
1,183,17.0
1,184,19.0
1,185,17.0
1,186,17.0
1,187,17.0
1,188,20.0
1,189,20.0
1,190,20.0
1,191,20.0
1,192,20.0
1,193,17.0
1,194,20.0
1,195,20.0
1,196,20.0
1,197,20.0
1,198,20.0
1,199,19.0
1,200,19.0
1,201,20.0
1,202,20.0
1,203,20.0
1,204,21.0
1,205,21.0
1,206,21.0
1,207,21.0
1,208,20.0
1,209,21.0
1,210,21.0
1,211,21.0
1,212,21.0
1,213,21.0
1,214,21.0
1,215,20.0
1,216,21.0
1,217,20.0
1,218,20.0
1,219,20.0
1,220,20.0
1,221,22.0
1,222,22.0
1,223,22.0
1,224,22.0
1,225,22.0
1,226,22.0
1,227,22.0
1,228,22.0
1,229,22.0
1,230,22.0
1,231,21.0
1,232,21.0
1,233,21.0
1,234,21.0
1,235,21.0
1,236,23.0
1,237,21.0
1,238,21.0
1,239,21.0
1,240,24.0
1,241,22.0
1,242,22.0
1,243,22.0
1,244,25.0
1,245,25.0
1,246,25.0
1,247,25.0
1,248,22.0
1,249,25.0
1,250,22.0
1,251,25.0
1,252,25.0
1,253,22.0
1,254,22.0
1,255,22.0
1,256,22.0
1,257,22.0
1,258,26.0
1,259,22.0
1,260,22.0
1,261,23.0
1,262,27.0
1,263,24.0
1,264,24.0
1,265,25.0
1,266,28.0
1,267,25.0
1,268,25.0
1,269,25.0
1,270,29.0
1,271,25.0
1,272,25.0
1,273,25.0
1,274,30.0
1,275,30.0
1,276,30.0
1,277,30.0
1,278,25.0
1,279,30.0
1,280,30.0
1,281,30.0
1,282,30.0
1,283,30.0
1,284,30.0
1,285,29.0
1,286,29.0
1,287,29.0
1,288,29.0
1,289,30.0
1,290,31.0
1,291,31.0
1,292,31.0
1,293,31.0
1,294,30.0
1,295,31.0
1,296,31.0
1,297,31.0
1,298,31.0
1,299,31.0
1,300,31.0
1,301,30.0
1,302,30.0
1,303,30.0
1,304,30.0
1,305,30.0
1,306,32.0
1,307,31.0
1,308,31.0
1,309,31.0
1,310,33.0
1,311,31.0
1,312,31.0
1,313,31.0
1,314,31.0
1,315,34.0
1,316,34.0
1,317,34.0
1,318,31.0
1,319,34.0
1,320,34.0
1,321,34.0
1,322,34.0
1,323,34.0
1,324,34.0
1,325,32.0
1,326,32.0
1,327,33.0
1,328,33.0
1,329,34.0
1,330,35.0
1,331,34.0
1,332,34.0
1,333,34.0
1,334,36.0
1,335,34.0
1,336,34.0
1,337,34.0
1,338,34.0
1,339,37.0
1,340,37.0
1,341,37.0
1,342,34.0
1,343,37.0
1,344,37.0
1,345,37.0
1,346,37.0
1,347,37.0
1,348,37.0
1,349,35.0
1,350,35.0
1,351,35.0
1,352,35.0
1,353,36.0
1,354,38.0
1,355,37.0
1,356,37.0
1,357,37.0
1,358,39.0
1,359,37.0
1,360,37.0
1,361,37.0
1,362,40.0
1,363,37.0
1,364,37.0
1,365,37.0
1,366,41.0
1,368,38.0
1,369,38.0
1,370,42.0
1,371,38.0
1,372,39.0
1,373,39.0
1,374,43.0
1,375,40.0
1,376,40.0
1,377,29.0
1,20756,1.01362
2,5,1.0
2,6,1.0
2,45,5.0
2,46,10.0
2,47,10.0
2,48,7.0
2,49,7.0
2,50,10.0
2,51,10.0
2,52,15.0
2,53,6.0
2,54,6.0
2,55,5.0
2,56,5.0
2,58,12.0
2,59,7.0
2,60,7.0
2,62,8.0
2,63,8.0
2,64,1.99898
2,67,10.0
2,68,15.0
2,69,15.0
2,70,8.0
2,71,8.0
2,72,10.0
2,73,16.0
2,74,16.0
2,75,10.0
2,76,10.0
2,78,1.99895
2,82,9.0
2,83,9.0
2,84,14.0
2,85,14.0
2,86,15.0
2,87,8.0
2,88,8.0
2,89,10.0
2,90,10.0
2,92,16.0
2,93,16.0
2,94,1.99889
2,98,11.0
2,99,11.0
2,100,11.0
2,101,11.0
2,102,10.0
2,103,9.0
2,104,9.0
2,105,14.0
2,106,14.0
2,108,11.0
2,109,11.0
2,110,1.99898
2,113,16.0
2,114,12.0
2,115,12.0
2,116,16.0
2,117,11.0
2,118,11.0
2,119,11.0
2,120,11.0
2,122,1.99894
2,125,11.0
2,126,13.0
2,127,13.0
2,128,23.0
2,129,11.0
2,130,11.0
2,131,11.0
2,132,11.0
2,134,18.0
2,135,11.0
2,136,11.0
2,138,11.0
2,139,12.0
2,140,12.0
2,142,13.0
2,143,13.0
2,144,13.0
2,146,12.0
2,147,15.0
2,148,15.0
2,149,14.0
2,150,1.99911
2,154,18.0
2,155,18.0
2,156,19.0
2,157,19.0
2,158,17.0
2,159,17.0
2,160,18.0
2,161,17.0
2,162,17.0
2,163,18.0
2,164,18.0
2,165,19.0
2,166,20.0
2,167,20.0
2,168,1.99926
2,170,17.0
2,171,29.0
2,172,1.7896
2,173,21.0
2,174,21.0
2,175,20.0
2,176,20.0
2,177,22.0
2,178,22.0
2,179,20.0
2,181,30.0
2,182,30.0
2,183,20.0
2,185,21.0
2,186,21.0
2,187,19.0
2,189,25.0
2,190,25.0
2,191,1.99926
2,193,28.0
2,195,29.0
2,196,29.0
2,197,28.0
2,198,28.0
2,199,24.0
2,200,24.0
2,201,25.0
2,203,25.0
2,205,23.0
2,206,23.0
2,207,1.99917
2,208,30.0
2,211,22.0
2,212,22.0
2,213,24.0
2,214,24.0
2,215,22.0
2,217,22.0
2,218,22.0
2,219,32.0
2,220,32.0
2,221,27.0
2,222,27.0
2,223,1.9992
2,227,25.0
2,228,25.0
2,229,26.0
2,230,26.0
2,231,22.0
2,232,22.0
2,233,24.0
2,234,24.0
2,235,25.0
2,237,25.0
2,238,25.0
2,239,31.0
2,241,25.0
2,242,25.0
2,243,27.0
2,245,30.0
2,246,30.0
2,247,1.99937
2,248,25.0
2,250,27.0
2,251,43.0
2,252,43.0
2,253,26.0
2,254,26.0
2,255,23.0
2,256,23.0
2,257,28.0
2,259,29.0
2,260,29.0
2,261,30.0
2,263,27.0
2,264,27.0
2,265,30.0
2,267,30.0
2,268,30.0
2,269,31.0
2,271,43.0
2,272,43.0
2,273,33.0
2,275,31.0
2,276,31.0
2,277,1.99916
2,278,27.0
2,281,33.0
2,282,33.0
2,283,32.0
2,284,32.0
2,285,34.0
2,286,34.0
2,287,33.0
2,288,33.0
2,289,31.0
2,291,34.0
2,292,34.0
2,293,1.99909
2,294,32.0
2,297,36.0
2,298,36.0
2,299,35.0
2,300,35.0
2,301,32.0
2,302,32.0
2,303,34.0
2,304,34.0
2,305,31.0
2,307,34.0
2,308,34.0
2,309,35.0
2,311,43.0
2,312,43.0
2,313,36.0
2,314,36.0
2,315,1.99913
2,318,41.0
2,319,37.0
2,320,37.0
2,321,39.0
2,322,39.0
2,323,38.0
2,324,38.0
2,325,36.0
2,326,36.0
2,327,37.0
2,328,37.0
2,329,42.0
2,331,37.0
2,332,37.0
2,333,38.0
2,335,39.0
2,336,39.0
2,337,37.0
2,338,37.0
2,339,41.0
2,340,41.0
2,341,1.99923
2,342,38.0
2,345,40.0
2,346,40.0
2,347,42.0
2,348,42.0
2,349,37.0
2,350,37.0
2,351,39.0
2,352,39.0
2,353,40.0
2,355,41.0
2,356,41.0
2,357,41.0
2,359,42.0
2,360,42.0
2,361,40.0
2,363,42.0
2,364,42.0
2,365,38.0
2,368,41.0
2,369,41.0
2,371,39.0
2,372,41.0
2,373,41.0
2,375,42.0
2,376,42.0
2,377,379.0
3,44,1.0
3,45,0.5413
3,50,1.6114
3,51,0.35468
3,55,0.8774
3,57,1.0
3,59,0.732
3,61,1.0
3,64,1.0
3,65,1.0
3,66,1.0
3,70,1.6848
3,72,0.3548
3,73,0.9023
3,77,1.0
3,78,1.0
3,79,1.0
3,80,1.0
3,81,1.0
3,91,1.0
3,94,1.0
3,95,1.0
3,96,1.0
3,97,1.0
3,100,1.6839
3,101,0.38024
3,107,1.0
3,110,1.0
3,111,1.0
3,112,1.0
3,113,0.5265
3,117,0.9997
3,119,0.9997
3,121,1.0
3,122,1.0
3,123,1.0
3,124,1.0
3,129,0.9592
3,133,1.0
3,137,1.0
3,141,1.0
3,145,1.0
3,150,1.0
3,151,1.0
3,152,1.0
3,153,1.0
3,161,0.9998
3,168,1.0
3,169,1.0
3,171,0.5154
3,175,0.9106
3,177,0.4022
3,180,1.0
3,181,0.8087
3,183,0.9943
3,184,1.0
3,187,0.4104
3,188,1.0
3,189,0.3698
3,191,1.0
3,192,1.0
3,193,0.4325
3,194,1.0
3,199,0.6746
3,201,0.704
3,202,1.0
3,203,0.3705
3,204,1.0
3,207,1.0
3,209,1.0
3,210,1.0
3,216,1.0
3,217,0.3949
3,219,0.8459
3,223,1.0
3,224,1.0
3,225,1.0
3,226,1.0
3,227,0.3175
3,236,1.0
3,237,0.4164
3,239,0.7941
3,240,1.0
3,244,1.0
3,245,0.3211
3,247,1.0
3,249,1.0
3,251,0.463
3,258,1.0
3,259,0.5617
3,261,0.3049
3,262,1.0
3,263,0.8612
3,265,0.3211
3,266,1.0
3,267,0.9998
3,269,0.6212
3,270,1.0
3,271,0.463
3,273,0.4998
3,274,1.0
3,277,1.0
3,279,1.0
3,280,1.0
3,285,0.9753
3,287,0.7763
3,290,1.0
3,291,1.972
3,293,1.0
3,295,1.0
3,296,1.0
3,303,0.8225
3,305,0.9134
3,306,1.0
3,309,0.9998
3,310,1.0
3,315,1.0
3,316,1.0
3,317,1.0
3,325,0.4595
3,327,0.9103
3,329,0.7605
3,330,1.0
3,331,0.9998
3,334,1.0
3,341,1.0
3,343,1.0
3,344,1.0
3,349,0.6155
3,351,0.4863
3,353,0.4013
3,354,1.0
3,357,0.9998
3,358,1.0
3,359,0.5507
3,362,1.0
3,366,1.0
3,368,0.3321
3,370,1.0
3,372,0.3539
3,374,1.0
3,377,380.0
4,44,43.0
4,46,1.96952
4,47,45.0
4,48,1.96914
4,49,46.0
4,51,47.0
4,52,32.0
4,54,33.0
4,56,34.0
4,57,53.0
4,58,36.0
4,60,37.0
4,61,58.0
4,62,1.97509
4,63,59.0
4,64,60.0
4,65,61.0
4,66,62.0
4,67,1.96952
4,68,1.97767
4,69,64.0
4,71,66.0
4,72,47.0
4,74,48.0
4,76,50.0
4,77,72.0
4,78,74.0
4,79,75.0
4,80,76.0
4,81,77.0
4,82,1.96751
4,83,78.0
4,84,1.97879
4,85,79.0
4,86,64.0
4,87,1.68478
4,88,66.0
4,90,68.0
4,91,86.0
4,92,1.97223
4,93,87.0
4,94,88.0
4,95,89.0
4,96,90.0
4,97,91.0
4,98,1.96898
4,99,93.0
4,101,94.0
4,102,77.0
4,103,1.96755
4,104,78.0
4,105,1.97878
4,106,79.0
4,107,100.0
4,108,1.9753
4,109,101.0
4,110,102.0
4,111,103.0
4,112,104.0
4,114,1.97836
4,115,107.0
4,116,87.0
4,117,1.99919
4,118,88.0
4,119,1.99928
4,120,90.0
4,121,114.0
4,122,116.0
4,123,117.0
4,124,118.0
4,125,1.68394
4,126,1.97909
4,127,120.0
4,128,95.0
4,130,96.0
4,132,97.0
4,133,128.0
4,134,99.0
4,135,1.97527
4,136,101.0
4,137,133.0
4,138,102.0
4,139,1.97835
4,140,107.0
4,141,138.0
4,142,112.0
4,143,1.97908
4,144,120.0
4,145,143.0
4,146,127.0
4,148,133.0
4,150,150.0
4,151,151.0
4,152,152.0
4,153,153.0
4,154,1.98583
4,155,154.0
4,156,1.97083
4,157,155.0
4,158,1.97691
4,159,156.0
4,160,152.0
4,161,1.99948
4,162,153.0
4,163,1.98583
4,164,154.0
4,165,1.97083
4,166,1.98553
4,167,163.0
4,168,164.0
4,169,165.0
4,170,157.0
4,173,1.97454
4,174,169.0
4,176,160.0
4,178,162.0
4,179,1.98551
4,180,176.0
4,182,166.0
4,183,1.79479
4,184,181.0
4,185,1.97448
4,186,169.0
4,188,186.0
4,189,1.98408
4,190,187.0
4,191,188.0
4,192,189.0
4,194,191.0
4,195,1.98327
4,196,193.0
4,197,1.98671
4,198,194.0
4,200,185.0
4,202,198.0
4,203,1.98366
4,204,200.0
4,205,1.97864
4,206,201.0
4,207,202.0
4,208,190.0
4,209,204.0
4,210,205.0
4,211,1.98399
4,212,206.0
4,213,1.97638
4,214,207.0
4,216,210.0
4,218,196.0
4,220,197.0
4,221,1.98268
4,222,215.0
4,223,216.0
4,224,217.0
4,225,218.0
4,226,219.0
4,227,1.98621
4,228,221.0
4,229,1.98113
4,230,222.0
4,231,1.984
4,232,206.0
4,233,1.97637
4,234,207.0
4,236,228.0
4,238,210.0
4,240,233.0
4,242,214.0
4,243,1.98268
4,244,238.0
4,245,1.98756
4,246,239.0
4,247,240.0
4,248,217.0
4,249,242.0
4,250,219.0
4,251,1.9851
4,252,246.0
4,253,1.98113
4,254,222.0
4,256,223.0
4,258,252.0
4,260,226.0
4,262,257.0
4,264,236.0
4,265,1.98755
4,266,262.0
4,267,1.99956
4,268,240.0
4,270,267.0
4,271,1.9851
4,272,246.0
4,274,272.0
4,275,1.98014
4,276,273.0
4,277,274.0
4,278,249.0
4,279,276.0
4,280,277.0
4,281,1.97765
4,282,279.0
4,283,1.9778
4,284,280.0
4,286,270.0
4,288,271.0
4,290,286.0
4,292,287.0
4,293,288.0
4,294,274.0
4,295,290.0
4,296,291.0
4,297,1.97392
4,298,293.0
4,299,1.97299
4,300,294.0
4,301,1.9778
4,302,280.0
4,304,281.0
4,306,300.0
4,307,1.97201
4,308,287.0
4,309,1.99928
4,310,305.0
4,312,290.0
4,313,1.97392
4,314,293.0
4,315,312.0
4,316,313.0
4,317,314.0
4,318,295.0
4,319,1.98449
4,320,316.0
4,321,1.97584
4,322,317.0
4,323,1.97555
4,324,318.0
4,326,304.0
4,328,309.0
4,330,324.0
4,331,1.99933
4,332,312.0
4,334,329.0
4,336,314.0
4,337,1.98448
4,338,316.0
4,339,1.98477
4,340,335.0
4,341,336.0
4,342,318.0
4,343,338.0
4,344,339.0
4,345,1.9876
4,346,341.0
4,347,1.98754
4,348,342.0
4,350,327.0
4,352,328.0
4,354,348.0
4,355,1.98477
4,356,335.0
4,357,1.9994
4,358,353.0
4,360,339.0
4,361,1.9876
4,362,358.0
4,363,1.98754
4,364,342.0
4,366,363.0
4,369,350.0
4,370,368.0
4,371,352.0
4,373,355.0
4,374,373.0
4,375,360.0
4,377,381.0
5,7,1.0
5,10,2.0
5,44,5.0
5,45,28.0
5,46,45.0
5,47,5.0
5,48,46.0
5,49,5.0
5,50,0.3802
5,51,5.0
5,52,3.0
5,53,33.0
5,54,3.0
5,55,34.0
5,56,4.0
5,57,6.0
5,58,4.0
5,59,37.0
5,60,4.0
5,61,7.0
5,62,59.0
5,63,7.0
5,64,7.0
5,65,7.0
5,66,7.0
5,67,45.0
5,68,64.0
5,69,7.0
5,70,0.3802
5,71,7.0
5,72,5.0
5,73,48.0
5,74,5.0
5,75,50.0
5,76,5.0
5,77,8.0
5,78,8.0
5,79,8.0
5,80,8.0
5,81,8.0
5,82,78.0
5,83,8.0
5,84,79.0
5,85,8.0
5,86,7.0
5,87,66.0
5,88,7.0
5,89,68.0
5,90,7.0
5,91,9.0
5,92,87.0
5,93,9.0
5,94,9.0
5,95,9.0
5,96,9.0
5,97,9.0
5,98,93.0
5,99,9.0
5,101,9.0
5,102,8.0
5,103,78.0
5,104,8.0
5,105,79.0
5,106,8.0
5,107,10.0
5,108,101.0
5,109,10.0
5,110,10.0
5,111,10.0
5,112,10.0
5,113,86.0
5,114,107.0
5,115,10.0
5,116,9.0
5,117,88.0
5,118,9.0
5,119,90.0
5,120,9.0
5,121,11.0
5,122,11.0
5,123,11.0
5,124,11.0
5,125,94.0
5,126,120.0
5,127,11.0
5,128,9.0
5,129,96.0
5,130,9.0
5,131,97.0
5,132,9.0
5,133,12.0
5,134,9.0
5,135,101.0
5,136,10.0
5,137,13.0
5,138,10.0
5,139,107.0
5,140,10.0
5,141,14.0
5,142,10.0
5,143,120.0
5,144,11.0
5,145,15.0
5,146,11.0
5,147,133.0
5,148,13.0
5,149,135.0
5,150,16.0
5,151,16.0
5,152,16.0
5,153,16.0
5,154,154.0
5,155,16.0
5,156,155.0
5,157,16.0
5,158,156.0
5,159,16.0
5,160,16.0
5,161,153.0
5,162,16.0
5,163,154.0
5,164,16.0
5,165,155.0
5,166,163.0
5,167,17.0
5,168,17.0
5,169,17.0
5,170,16.0
5,171,158.0
5,172,21.0
5,173,169.0
5,174,17.0
5,175,160.0
5,176,16.0
5,177,162.0
5,178,17.0
5,179,163.0
5,180,18.0
5,181,166.0
5,182,17.0
5,183,168.0
5,184,19.0
5,185,169.0
5,186,17.0
5,187,171.0
5,188,20.0
5,189,187.0
5,190,20.0
5,191,20.0
5,192,20.0
5,193,174.0
5,194,20.0
5,195,193.0
5,196,20.0
5,197,194.0
5,198,20.0
5,199,185.0
5,200,19.0
5,201,186.0
5,202,20.0
5,203,187.0
5,204,21.0
5,205,201.0
5,206,21.0
5,207,21.0
5,208,20.0
5,209,21.0
5,210,21.0
5,211,206.0
5,212,21.0
5,213,207.0
5,214,21.0
5,215,195.0
5,216,21.0
5,217,196.0
5,218,20.0
5,219,197.0
5,220,20.0
5,221,215.0
5,222,22.0
5,223,22.0
5,224,22.0
5,225,22.0
5,226,22.0
5,227,221.0
5,228,22.0
5,229,222.0
5,230,22.0
5,231,206.0
5,232,21.0
5,233,207.0
5,234,21.0
5,235,209.0
5,236,23.0
5,237,210.0
5,238,21.0
5,239,211.0
5,240,24.0
5,241,214.0
5,242,22.0
5,243,215.0
5,244,25.0
5,245,239.0
5,246,25.0
5,247,25.0
5,248,22.0
5,249,25.0
5,250,22.0
5,251,246.0
5,252,25.0
5,253,222.0
5,254,22.0
5,255,223.0
5,256,22.0
5,257,224.0
5,258,26.0
5,259,226.0
5,260,22.0
5,261,230.0
5,262,27.0
5,263,236.0
5,264,24.0
5,265,239.0
5,266,28.0
5,267,240.0
5,268,25.0
5,269,243.0
5,270,29.0
5,271,246.0
5,272,25.0
5,273,247.0
5,274,30.0
5,275,273.0
5,276,30.0
5,277,30.0
5,278,25.0
5,279,30.0
5,280,30.0
5,281,279.0
5,282,30.0
5,283,280.0
5,284,30.0
5,285,270.0
5,286,29.0
5,287,271.0
5,288,29.0
5,289,272.0
5,290,31.0
5,292,31.0
5,293,31.0
5,294,30.0
5,295,31.0
5,296,31.0
5,297,293.0
5,298,31.0
5,299,294.0
5,300,31.0
5,301,280.0
5,302,30.0
5,303,281.0
5,304,30.0
5,305,283.0
5,306,32.0
5,307,287.0
5,308,31.0
5,309,288.0
5,310,33.0
5,311,290.0
5,312,31.0
5,313,293.0
5,314,31.0
5,315,34.0
5,316,34.0
5,317,34.0
5,318,31.0
5,319,316.0
5,320,34.0
5,321,317.0
5,322,34.0
5,323,318.0
5,324,34.0
5,325,304.0
5,326,32.0
5,327,309.0
5,328,33.0
5,329,310.0
5,330,35.0
5,331,312.0
5,332,34.0
5,333,313.0
5,334,36.0
5,335,314.0
5,336,34.0
5,337,316.0
5,338,34.0
5,339,335.0
5,340,37.0
5,341,37.0
5,342,34.0
5,343,37.0
5,344,37.0
5,345,341.0
5,346,37.0
5,347,342.0
5,348,37.0
5,349,327.0
5,350,35.0
5,351,328.0
5,352,35.0
5,353,329.0
5,354,38.0
5,355,335.0
5,356,37.0
5,357,336.0
5,358,39.0
5,359,339.0
5,360,37.0
5,361,341.0
5,362,40.0
5,363,342.0
5,364,37.0
5,365,344.0
5,366,41.0
5,368,350.0
5,369,38.0
5,370,42.0
5,371,38.0
5,372,355.0
5,373,39.0
5,374,43.0
5,375,40.0
5,376,361.0
5,377,382.0
6,44,109.0
6,45,2.0
6,46,5.0
6,47,106.0
6,48,5.0
6,49,65.0
6,50,9.0
6,51,108.0
6,52,145.0
6,53,3.0
6,54,57.0
6,55,4.0
6,56,42.0
6,57,4.0
6,58,131.0
6,59,4.0
6,60,71.0
6,61,4.0
6,62,7.0
6,63,73.0
6,64,60.0
6,65,5.0
6,66,63.0
6,67,5.0
6,68,7.0
6,69,144.0
6,70,9.0
6,71,80.0
6,72,108.0
6,73,5.0
6,74,161.0
6,75,5.0
6,76,110.0
6,77,5.0
6,78,98.0
6,79,7.0
6,80,126.0
6,81,7.0
6,82,8.0
6,83,92.0
6,84,8.0
6,85,139.0
6,86,144.0
6,87,7.0
6,88,80.0
6,89,7.0
6,90,111.0
6,91,7.0
6,92,9.0
6,93,149.0
6,94,100.0
6,95,8.0
6,96,89.0
6,97,8.0
6,98,9.0
6,99,121.0
6,100,16.0
6,101,122.0
6,102,105.0
6,103,8.0
6,104,92.0
6,105,8.0
6,106,139.0
6,107,8.0
6,108,10.0
6,109,115.0
6,110,132.0
6,111,8.0
6,112,180.0
6,113,9.0
6,114,10.0
6,115,129.0
6,116,149.0
6,117,9.0
6,118,118.0
6,119,9.0
6,120,116.0
6,121,9.0
6,122,151.0
6,123,9.0
6,124,121.0
6,125,9.0
6,126,11.0
6,127,134.0
6,128,231.0
6,129,9.0
6,130,124.0
6,131,9.0
6,132,125.0
6,133,9.0
6,134,179.0
6,135,10.0
6,136,115.0
6,137,10.0
6,138,114.0
6,139,10.0
6,140,129.0
6,141,10.0
6,142,136.0
6,143,11.0
6,144,134.0
6,145,11.0
6,146,130.0
6,147,13.0
6,148,143.0
6,149,13.0
6,150,141.0
6,151,13.0
6,152,147.0
6,153,14.0
6,154,16.0
6,155,177.0
6,156,16.0
6,157,182.0
6,158,16.0
6,159,170.0
6,160,176.0
6,161,16.0
6,162,164.0
6,163,16.0
6,164,177.0
6,165,16.0
6,166,17.0
6,167,192.0
6,168,170.0
6,169,16.0
6,170,175.0
6,171,16.0
6,172,22.0
6,173,17.0
6,174,208.0
6,175,16.0
6,176,198.0
6,177,17.0
6,178,218.0
6,179,17.0
6,180,192.0
6,181,17.0
6,182,275.0
6,183,17.0
6,184,189.0
6,185,17.0
6,186,208.0
6,187,17.0
6,188,183.0
6,189,20.0
6,190,244.0
6,191,17.0
6,192,200.0
6,193,17.0
6,194,265.0
6,195,20.0
6,196,268.0
6,197,20.0
6,198,263.0
6,199,19.0
6,200,235.0
6,201,20.0
6,202,251.0
6,203,20.0
6,204,244.0
6,205,21.0
6,206,229.0
6,207,20.0
6,208,285.0
6,209,20.0
6,210,204.0
6,211,21.0
6,212,220.0
6,213,21.0
6,214,234.0
6,215,20.0
6,216,225.0
6,217,20.0
6,218,227.0
6,219,20.0
6,220,302.0
6,221,22.0
6,222,258.0
6,223,21.0
6,224,229.0
6,225,21.0
6,226,233.0
6,227,22.0
6,228,245.0
6,229,22.0
6,230,253.0
6,231,21.0
6,232,220.0
6,233,21.0
6,234,234.0
6,235,21.0
6,236,250.0
6,237,21.0
6,238,242.0
6,239,21.0
6,240,297.0
6,241,22.0
6,242,238.0
6,243,22.0
6,244,258.0
6,245,25.0
6,246,278.0
6,247,22.0
6,248,241.0
6,249,22.0
6,250,257.0
6,251,25.0
6,252,374.0
6,253,22.0
6,254,253.0
6,255,22.0
6,256,232.0
6,257,22.0
6,258,266.0
6,259,22.0
6,260,269.0
6,261,23.0
6,262,284.0
6,263,24.0
6,264,259.0
6,265,25.0
6,266,278.0
6,267,25.0
6,268,282.0
6,269,25.0
6,270,289.0
6,271,25.0
6,272,374.0
6,273,25.0
6,274,308.0
6,275,30.0
6,276,292.0
6,277,25.0
6,278,260.0
6,279,26.0
6,280,326.0
6,281,30.0
6,282,306.0
6,283,30.0
6,284,301.0
6,285,29.0
6,286,321.0
6,287,29.0
6,288,307.0
6,289,30.0
6,290,286.0
6,291,25.0
6,292,311.0
6,293,30.0
6,294,300.0
6,295,30.0
6,296,305.0
6,297,31.0
6,298,330.0
6,299,31.0
6,300,325.0
6,301,30.0
6,302,301.0
6,303,30.0
6,304,315.0
6,305,30.0
6,306,298.0
6,307,31.0
6,308,311.0
6,309,31.0
6,310,324.0
6,311,31.0
6,312,373.0
6,313,31.0
6,314,330.0
6,315,31.0
6,316,325.0
6,317,31.0
6,318,365.0
6,319,34.0
6,320,340.0
6,321,34.0
6,322,354.0
6,323,34.0
6,324,349.0
6,325,32.0
6,326,333.0
6,327,33.0
6,328,347.0
6,329,34.0
6,330,371.0
6,331,34.0
6,332,337.0
6,333,34.0
6,334,348.0
6,335,34.0
6,336,353.0
6,337,34.0
6,338,340.0
6,339,37.0
6,340,364.0
6,341,34.0
6,342,349.0
6,343,34.0
6,344,332.0
6,345,37.0
6,346,359.0
6,347,37.0
6,348,369.0
6,349,35.0
6,350,346.0
6,351,35.0
6,352,357.0
6,353,36.0
6,354,358.0
6,355,37.0
6,356,364.0
6,357,37.0
6,358,363.0
6,359,37.0
6,360,368.0
6,361,37.0
6,362,359.0
6,363,37.0
6,364,369.0
6,365,37.0
6,366,351.0
6,368,38.0
6,369,367.0
6,370,38.0
6,371,356.0
6,372,39.0
6,373,366.0
6,374,40.0
6,375,370.0
6,376,40.0
6,377,20.0
7,8,2.0
7,15,1.0
7,44,10.0
7,45,39.0
7,46,106.0
7,47,10.0
7,48,65.0
7,49,7.0
7,50,11.0
7,51,10.0
7,52,15.0
7,53,57.0
7,54,6.0
7,55,42.0
7,56,5.0
7,57,131.0
7,58,12.0
7,59,71.0
7,60,7.0
7,61,49.0
7,62,73.0
7,63,8.0
7,64,7.0
7,65,63.0
7,66,7.0
7,67,106.0
7,68,144.0
7,69,15.0
7,70,11.0
7,71,8.0
7,72,10.0
7,73,161.0
7,74,16.0
7,75,110.0
7,76,10.0
7,77,98.0
7,78,9.0
7,79,126.0
7,80,11.0
7,81,73.0
7,82,92.0
7,83,9.0
7,84,139.0
7,85,14.0
7,86,15.0
7,87,80.0
7,88,8.0
7,89,111.0
7,90,10.0
7,91,113.0
7,92,149.0
7,93,16.0
7,94,10.0
7,95,89.0
7,96,9.0
7,97,104.0
7,98,121.0
7,99,11.0
7,100,17.0
7,101,11.0
7,102,10.0
7,103,92.0
7,104,9.0
7,105,139.0
7,106,14.0
7,107,123.0
7,108,115.0
7,109,11.0
7,110,12.0
7,111,180.0
7,112,18.0
7,113,148.0
7,114,129.0
7,115,12.0
7,116,16.0
7,117,118.0
7,118,11.0
7,119,116.0
7,120,11.0
7,121,151.0
7,122,16.0
7,123,121.0
7,124,11.0
7,125,122.0
7,126,134.0
7,127,13.0
7,128,23.0
7,129,124.0
7,130,11.0
7,131,125.0
7,132,11.0
7,133,179.0
7,134,18.0
7,135,115.0
7,136,11.0
7,137,114.0
7,138,11.0
7,139,129.0
7,140,12.0
7,141,136.0
7,142,13.0
7,143,134.0
7,144,13.0
7,145,130.0
7,146,12.0
7,147,143.0
7,148,15.0
7,149,141.0
7,150,14.0
7,151,147.0
7,152,15.0
7,153,165.0
7,154,177.0
7,155,18.0
7,156,182.0
7,157,19.0
7,158,170.0
7,159,17.0
7,160,18.0
7,161,164.0
7,162,17.0
7,163,177.0
7,164,18.0
7,165,182.0
7,166,192.0
7,167,20.0
7,168,17.0
7,169,175.0
7,170,17.0
7,171,267.0
7,172,212.0
7,173,208.0
7,174,21.0
7,175,198.0
7,176,20.0
7,177,218.0
7,178,22.0
7,179,192.0
7,180,20.0
7,181,275.0
7,182,30.0
7,183,189.0
7,184,20.0
7,185,208.0
7,186,21.0
7,187,183.0
7,188,19.0
7,189,244.0
7,190,25.0
7,191,200.0
7,192,21.0
7,193,265.0
7,194,28.0
7,195,268.0
7,196,29.0
7,197,263.0
7,198,28.0
7,199,235.0
7,200,24.0
7,201,251.0
7,202,25.0
7,203,244.0
7,204,25.0
7,205,229.0
7,206,23.0
7,207,285.0
7,208,30.0
7,209,204.0
7,210,21.0
7,211,220.0
7,212,22.0
7,213,234.0
7,214,24.0
7,215,225.0
7,216,22.0
7,217,227.0
7,218,22.0
7,219,302.0
7,220,32.0
7,221,258.0
7,222,27.0
7,223,229.0
7,224,23.0
7,225,233.0
7,226,24.0
7,227,245.0
7,228,25.0
7,229,253.0
7,230,26.0
7,231,220.0
7,232,22.0
7,233,234.0
7,234,24.0
7,235,250.0
7,236,25.0
7,237,242.0
7,238,25.0
7,239,297.0
7,240,31.0
7,241,238.0
7,242,25.0
7,243,258.0
7,244,27.0
7,245,278.0
7,246,30.0
7,247,241.0
7,248,25.0
7,249,257.0
7,250,27.0
7,251,374.0
7,252,43.0
7,253,253.0
7,254,26.0
7,255,232.0
7,256,23.0
7,257,266.0
7,258,28.0
7,259,269.0
7,260,29.0
7,261,284.0
7,262,30.0
7,263,259.0
7,264,27.0
7,265,278.0
7,266,30.0
7,267,282.0
7,268,30.0
7,269,289.0
7,270,31.0
7,271,374.0
7,272,43.0
7,273,308.0
7,274,33.0
7,275,292.0
7,276,31.0
7,277,260.0
7,278,27.0
7,279,326.0
7,280,35.0
7,281,306.0
7,282,33.0
7,283,301.0
7,284,32.0
7,285,321.0
7,286,34.0
7,287,307.0
7,288,33.0
7,289,286.0
7,290,31.0
7,291,30.0
7,292,34.0
7,293,300.0
7,294,32.0
7,295,305.0
7,296,33.0
7,297,330.0
7,298,36.0
7,299,325.0
7,300,35.0
7,301,301.0
7,302,32.0
7,303,315.0
7,304,34.0
7,305,298.0
7,306,31.0
7,307,311.0
7,308,34.0
7,309,324.0
7,310,35.0
7,311,373.0
7,312,43.0
7,313,330.0
7,314,36.0
7,315,325.0
7,316,35.0
7,317,365.0
7,318,41.0
7,319,340.0
7,320,37.0
7,321,354.0
7,322,39.0
7,323,349.0
7,324,38.0
7,325,333.0
7,326,36.0
7,327,347.0
7,328,37.0
7,329,371.0
7,330,42.0
7,331,337.0
7,332,37.0
7,333,348.0
7,334,38.0
7,335,353.0
7,336,39.0
7,337,340.0
7,338,37.0
7,339,364.0
7,340,41.0
7,341,349.0
7,342,38.0
7,343,332.0
7,344,36.0
7,345,359.0
7,346,40.0
7,347,369.0
7,348,42.0
7,349,346.0
7,350,37.0
7,351,357.0
7,352,39.0
7,353,358.0
7,354,40.0
7,355,364.0
7,356,41.0
7,357,363.0
7,358,41.0
7,359,368.0
7,360,42.0
7,361,359.0
7,362,40.0
7,363,369.0
7,364,42.0
7,365,351.0
7,366,38.0
7,368,367.0
7,369,41.0
7,370,356.0
7,371,39.0
7,372,366.0
7,373,41.0
7,374,370.0
7,375,42.0
7,376,372.0
7,377,34.0
8,9,1.0
8,14,1.0
8,45,5.0
8,46,10.0
8,48,7.0
8,50,101.0
8,51,0.7065
8,53,6.0
8,55,5.0
8,57,12.0
8,58,0.6881
8,59,7.0
8,61,5.0
8,62,8.0
8,63,0.7048
8,65,7.0
8,66,0.6544
8,67,10.0
8,68,15.0
8,70,101.0
8,71,0.7028
8,72,0.7065
8,73,16.0
8,75,10.0
8,77,9.0
8,79,11.0
8,81,8.0
8,82,9.0
8,84,14.0
8,87,8.0
8,88,0.7028
8,89,10.0
8,90,0.686
8,91,10.0
8,92,16.0
8,93,0.7014
8,95,9.0
8,97,10.0
8,98,11.0
8,100,159.0
8,103,9.0
8,105,14.0
8,107,11.0
8,108,11.0
8,109,0.7037
8,111,18.0
8,113,16.0
8,114,12.0
8,116,0.7014
8,117,11.0
8,119,11.0
8,121,16.0
8,123,11.0
8,125,11.0
8,126,13.0
8,129,11.0
8,131,11.0
8,132,0.6741
8,133,18.0
8,135,11.0
8,136,0.7037
8,137,11.0
8,139,12.0
8,141,13.0
8,142,0.6072
8,143,13.0
8,145,12.0
8,147,15.0
8,149,14.0
8,150,0.6953
8,151,15.0
8,153,17.0
8,154,18.0
8,156,19.0
8,158,17.0
8,161,17.0
8,163,18.0
8,165,19.0
8,166,20.0
8,169,17.0
8,171,29.0
8,173,21.0
8,175,20.0
8,177,22.0
8,178,0.5467
8,179,20.0
8,181,30.0
8,183,20.0
8,185,21.0
8,187,19.0
8,189,25.0
8,191,21.0
8,193,28.0
8,195,29.0
8,197,28.0
8,199,24.0
8,201,25.0
8,203,25.0
8,205,23.0
8,207,30.0
8,209,21.0
8,211,22.0
8,213,24.0
8,215,22.0
8,217,22.0
8,219,32.0
8,221,27.0
8,223,23.0
8,225,24.0
8,227,25.0
8,229,26.0
8,231,22.0
8,233,24.0
8,235,25.0
8,236,0.6891
8,237,25.0
8,239,31.0
8,241,25.0
8,242,0.6802
8,243,27.0
8,245,30.0
8,247,25.0
8,249,27.0
8,251,43.0
8,253,26.0
8,255,23.0
8,257,28.0
8,259,29.0
8,261,30.0
8,263,27.0
8,265,30.0
8,267,30.0
8,269,31.0
8,270,0.4352
8,271,43.0
8,273,33.0
8,275,31.0
8,277,27.0
8,279,35.0
8,281,33.0
8,283,32.0
8,285,34.0
8,287,33.0
8,289,31.0
8,291,246.0
8,293,32.0
8,295,33.0
8,297,36.0
8,299,35.0
8,301,32.0
8,303,34.0
8,305,31.0
8,307,34.0
8,309,35.0
8,311,43.0
8,313,36.0
8,315,35.0
8,317,41.0
8,319,37.0
8,321,39.0
8,323,38.0
8,325,36.0
8,327,37.0
8,329,42.0
8,331,37.0
8,333,38.0
8,335,39.0
8,337,37.0
8,339,41.0
8,341,38.0
8,343,36.0
8,345,40.0
8,347,42.0
8,349,37.0
8,351,39.0
8,353,40.0
8,355,41.0
8,357,41.0
8,359,42.0
8,361,40.0
8,363,42.0
8,365,38.0
8,368,41.0
8,369,0.5779
8,370,39.0
8,371,0.6929
8,372,41.0
8,373,0.5684
8,374,42.0
8,376,42.0
8,377,22.0
9,11,2.0
9,16,1.0
9,45,0.8779
9,47,0.8714
9,49,0.8389
9,50,0.7077
9,51,0.9148
9,53,0.6757
9,54,82.0
9,55,0.9689
9,57,0.7256
9,61,0.8827
9,62,0.7094
9,63,1.0
9,65,0.7562
9,70,0.7114
9,71,0.7077
9,73,0.9753
9,75,0.7133
9,77,0.9724
9,79,0.3683
9,81,0.7094
9,82,0.7157
9,83,0.7164
9,84,0.6145
9,87,0.7114
9,89,0.7276
9,91,0.7326
9,92,0.7127
9,93,0.7393
9,97,0.716
9,99,0.6787
9,100,0.6923
9,101,0.6541
9,103,0.7157
9,105,0.6145
9,107,0.4765
9,108,0.7105
9,111,0.4512
9,113,0.4866
9,115,0.7127
9,119,0.9999
9,121,0.6376
9,125,0.6923
9,126,0.618
9,127,0.963
9,130,26.0
9,131,0.7386
9,135,0.7105
9,141,0.7945
9,143,0.618
9,147,0.6626
9,149,0.7188
9,153,0.8566
9,154,0.6248
9,156,0.6088
9,158,0.7946
9,159,0.4467
9,161,0.9999
9,163,0.6248
9,165,0.6088
9,167,0.7947
9,169,0.4552
9,171,0.8705
9,175,0.9774
9,177,0.8373
9,189,0.8276
9,191,0.8659
9,195,0.6109
9,197,0.6087
9,199,0.4034
9,201,0.3847
9,203,0.8278
9,205,0.6104
9,211,0.7217
9,217,0.8351
9,219,0.9607
9,221,0.6103
9,223,0.6104
9,227,0.8116
9,231,0.7217
9,235,0.7246
9,237,0.5402
9,241,0.733
9,243,0.6103
9,257,0.6842
9,261,0.5895
9,269,0.9003
9,277,0.3049
9,279,0.8117
9,281,0.6097
9,283,0.6118
9,289,0.756
9,291,0.6919
9,301,0.6118
9,303,0.9546
9,307,0.6919
9,311,0.765
9,317,0.4763
9,321,0.6165
9,323,0.6169
9,325,0.5198
9,329,0.3461
9,333,0.6563
9,339,0.6129
9,341,0.6169
9,343,0.3446
9,349,0.4385
9,351,0.5068
9,353,0.5471
9,355,0.6129
9,359,0.474
9,368,0.8161
9,370,0.721
9,372,0.8228
9,374,0.6971
9,376,0.7202
9,377,386.0
10,11,1.0
10,12,1.0
10,54,342.0
10,130,342.0
10,139,333.0
10,377,387.0
11,13,1.0
11,54,25.0
11,130,25.0
11,139,25.0
11,377,388.0
12,54,66.0
12,130,82.0
12,139,82.0
12,377,389.0
13,54,50.0
13,130,112.0
13,139,145.0
13,377,390.0
14,54,40.0
14,130,40.0
14,139,40.0
14,377,391.0
15,54,39.0
15,130,39.0
15,139,39.0
15,377,39.0
16,17,1.0
16,18,1.0
16,19,1.0
16,54,3.0
16,130,3.0
16,139,3.0
16,377,393.0
17,20,1.0
17,21,1.0
17,54,2.0
17,130,2.0
17,139,2.0
17,377,394.0
18,54,52.0
18,130,52.0
18,139,52.0
18,377,395.0
19,54,118.0
19,130,118.0
19,139,118.0
19,377,396.0
20,25,1.0
20,28,1.0
20,29,1.0
20,54,6.0
20,130,6.0
20,139,6.0
20,377,6.0
21,22,1.0
21,23,1.0
21,24,1.0
21,54,53.0
21,130,53.0
21,139,53.0
21,377,53.0
22,25,1.0
22,26,1.0
22,27,1.0
22,54,8.0
22,130,8.0
22,139,8.0
22,377,8.0
23,54,83.0
23,130,36.0
23,139,47.0
23,377,400.0
24,54,141.0
24,130,141.0
24,139,234.0
24,377,401.0
25,30,1.0
25,43,1.0
25,54,11.0
25,130,11.0
25,139,11.0
25,377,402.0
26,54,108.0
26,130,9.0
26,139,9.0
26,377,403.0
27,54,38.0
27,130,38.0
27,139,36.0
27,377,404.0
28,54,127.0
28,130,127.0
28,139,50.0
28,377,405.0
29,54,1.0
29,130,1.0
29,139,1.0
29,377,1.0
30,31,1.0
30,32,1.0
30,33,1.0
30,54,55.0
30,130,55.0
30,139,70.0
30,377,407.0
31,34,1.0
31,35,1.0
31,36,1.0
31,54,144.0
31,130,54.0
31,139,144.0
31,377,408.0
32,54,56.0
32,130,56.0
32,139,56.0
32,377,409.0
33,54,41.0
33,130,41.0
33,139,41.0
33,377,410.0
34,37,1.0
34,38,1.0
34,39,1.0
34,54,7.0
34,130,7.0
34,139,7.0
34,377,7.0
35,54,130.0
35,130,83.0
35,139,54.0
35,377,412.0
36,54,70.0
36,130,23.0
36,139,27.0
36,377,413.0
37,40,1.0
37,41,1.0
37,42,1.0
37,54,48.0
37,130,48.0
37,139,48.0
37,377,414.0
38,54,27.0
38,130,27.0
38,139,85.0
38,377,415.0
39,54,15.0
39,130,15.0
39,139,15.0
39,377,15.0
40,54,14.0
40,130,14.0
40,139,14.0
40,377,417.0
41,54,33.0
41,130,33.0
41,139,33.0
41,377,418.0
42,54,59.0
42,130,85.0
42,139,147.0
42,377,419.0
43,54,62.0
43,130,76.0
43,139,76.0
43,377,420.0
